country,vaccinationratio,populationratio,ratioofratios
India,0.8948112616718265,0.8948112616718265,0.9427937008778747
